<?xml version="1.0" encoding="utf-8" ?>
<!-- Copyright 2020 - TODAY, Marcel Savegnago - Escodoo https://www.escodoo.com.br
     License AGPL-3.0 or later (http://www.gnu.org/licenses/agpl). -->
<odoo>
    <record model="ir.model.access" id="fleet_vehicle_inspection_item_user">
        <field name="name">fleet_vehicle_inspection_item_user</field>
        <field name="model_id" ref="model_fleet_vehicle_inspection_item" />
        <field name="group_id" ref="fleet.fleet_group_user" />
        <field name="perm_read" eval="1" />
        <field name="perm_create" eval="0" />
        <field name="perm_write" eval="0" />
        <field name="perm_unlink" eval="0" />
    </record>
    <record model="ir.model.access" id="fleet_vehicle_inspection_item_manager">
        <field name="name">fleet_vehicle_inspection_item_manager</field>
        <field name="model_id" ref="model_fleet_vehicle_inspection_item" />
        <field name="group_id" ref="fleet.fleet_group_manager" />
        <field name="perm_read" eval="1" />
        <field name="perm_create" eval="1" />
        <field name="perm_write" eval="1" />
        <field name="perm_unlink" eval="1" />
    </record>
</odoo>
