<?xml version="1.0" encoding="utf-8" ?>
<odoo>
    <data noupdate="1">
        <!-- Sequences for fleet vehicle inspection out -->
        <record id="seq_fleet_vehicle_inspection_our" model="ir.sequence">
            <field name="name">Fleet Vehicle Inspection Out</field>
            <field name="code">fleet.vehicle.inspection.out</field>
            <field name="prefix">FVI/OUT/</field>
            <field name="padding">5</field>
            <field name="company_id" eval="False" />
        </record>
        <!-- Sequences for fleet vehicle inspection in -->
        <record id="seq_fleet_vehicle_inspection_in" model="ir.sequence">
            <field name="name">Fleet Vehicle Inspection In</field>
            <field name="code">fleet.vehicle.inspection.in</field>
            <field name="prefix">FVI/IN/</field>
            <field name="padding">5</field>
            <field name="company_id" eval="False" />
        </record>
    </data>
</odoo>
